{
  "project_info": {
    "project_number": "1029164929827",
    "project_id": "cafe-7c958",
    "storage_bucket": "cafe-7c958.appspot.com"
  },
  "client": [
    {
      "client_info": {
        "mobilesdk_app_id": "1:1029164929827:android:160e83085cb4b36078b296",
        "android_client_info": {
          "package_name": "com.example.uthm_cafe"
        }
      },
      "oauth_client": [],
      "api_key": [
        {
          "current_key": "AIzaSyAdt8l_ojT8kKtKItH5CqeuB440aMPFEZs"
        }
      ],
      "services": {
        "appinvite_service": {
          "other_platform_oauth_client": []
        }
      }
    },
    {
      "client_info": {
        "mobilesdk_app_id": "1:1029164929827:android:483f695f61d4266b78b296",
        "android_client_info": {
          "package_name": "com.example.uthmfoodie"
        }
      },
      "oauth_client": [],
      "api_key": [
        {
          "current_key": "AIzaSyAdt8l_ojT8kKtKItH5CqeuB440aMPFEZs"
        }
      ],
      "services": {
        "appinvite_service": {
          "other_platform_oauth_client": []
        }
      }
    },
    {
      "client_info": {
        "mobilesdk_app_id": "1:1029164929827:android:875922999b9cc2f078b296",
        "android_client_info": {
          "package_name": "dev.uthm.fyp.uthm_cafe"
        }
      },
      "oauth_client": [],
      "api_key": [
        {
          "current_key": "AIzaSyAdt8l_ojT8kKtKItH5CqeuB440aMPFEZs"
        }
      ],
      "services": {
        "appinvite_service": {
          "other_platform_oauth_client": []
        }
      }
    }
  ],
  "configuration_version": "1"
}